label,volume,mean,sigma,median,min,max,count,centroidX,centroidY,centroidZ,bboxXStart,bboxXEnd,bboxYStart,bboxYEnd,bboxZStart,bboxZEnd
1,389.459,157.013,158.487,131,1.82029e-12,67627.3,61481553,18.8425,13.0757,8.97666,14.1497,22.9414,6.50712,16.8492,0.34748,17.236
2,193.899,174.354,212.184,143,1.13035e-10,189938,30609644,10.6639,12.4721,14.0085,6.726,15.007,6.47064,17.1775,8.05868,18.9876
3,142.969,134.33,127.264,115,5.78387e-13,61906.5,22569749,13.1608,8.40938,12.3509,7.38264,19.4393,4.61016,14.6969,9.7342,16.0555
4,311.399,162.125,187.14,129,8.15646e-11,96517.9,49158693,10.9123,13.8219,7.59088,5.66808,15.3353,7.14552,17.287,0.84252,14.8179
5,116.628,145.918,134.795,125,1.11512e-12,134861,18411299,16.1631,10.3414,9.71351,10.5564,21.6098,5.23032,14.9158,4.07932,14.4752
