label,volume,mean,sigma,median,min,max,count,centroidX,centroidY,centroidZ,bboxXStart,bboxXEnd,bboxYStart,bboxYEnd,bboxZStart,bboxZEnd
1,389.459,1.19398,1.51578,0.9775,0,1519.83,491852424,18.8425,13.0757,8.97666,14.1451,22.9459,6.50256,16.8538,0.34272,17.2407
2,193.899,1.32525,2.22166,1.0675,0,3613.97,244877152,10.6639,12.4721,14.0085,6.72144,15.0115,6.46608,17.1821,8.05392,18.9924
3,142.969,1.02034,1.21173,0.8525,0,1338.54,180557992,13.1608,8.40938,12.3509,7.37808,19.4438,4.6056,14.7014,9.72944,16.0602
4,311.399,1.23165,1.83502,0.9575,0,1601.2,393269544,10.9123,13.8219,7.59088,5.66352,15.3398,7.14096,17.2915,0.83776,14.8226
5,116.628,1.10687,1.31473,0.9375,0,2254.13,147290392,16.1631,10.3414,9.71351,10.5518,21.6144,5.22576,14.9203,4.07456,14.4799
